MatrixName,Size,MemoryDiff,Time,Error
ex15.mat,568315,5545984,0.063826,8.21380186712579e-07
shallow_water1.mat,2316415,376180736,2.634387,3.07688798314864e-16
cfd1.mat,14503159,1259864064,5.808705,2.16641067660319e-13
cfd2.mat,23748539,2506997760,11.140492,6.19326456426195e-13
