MatrixName,Size,MemoryDiff,Time,Error
ex15.mat,568315,4136960,0.1332738,8.21380186712579e-07
shallow_water1.mat,2316415,368271360,5.0728619,3.07688798314864e-16
cfd1.mat,14503159,1267613696,16.6511065,2.16641067660319e-13
cfd2.mat,23748539,2500190208,21.0611518,6.19326456426195e-13
