MatrixName,Size,MemoryDiff,Time,Error
ex15.mat,568315,-1495040,0.365763,8.21380186712579e-07
shallow_water1.mat,2316415,397185024,3.420852,3.07688798314864e-16
cfd1.mat,14503159,1374228480,6.807561,2.16641067660319e-13
cfd2.mat,23748539,2707283968,14.521945,6.19326456426195e-13
